14:14:47.659;Open_Page Execution_Time(ms):; 2395; Page_URL:; http://10.66.131.170:1441/;
14:14:47.719;Wait_For_Page_Update Execution_Time(ms):; 30; Page_URL:; http://10.66.131.170:1441/#!/login;
14:14:47.749;Find_Element Execution_Time(ms):; 20; Page_URL:; http://10.66.131.170:1441/#!/login;
14:14:47.789;Find_Element Execution_Time(ms):; 10; Page_URL:; http://10.66.131.170:1441/#!/login;
14:14:47.815;Find_Element Execution_Time(ms):; 1; Page_URL:; http://10.66.131.170:1441/#!/login;
14:14:47.888;Wait_For_Page_Update Execution_Time(ms):; 7; Page_URL:; http://10.66.131.170:1441/#!/login;
14:14:47.891;Send_Keys Execution_Time(ms):; 209; Page_URL:; http://10.66.131.170:1441/#!/login;
14:14:47.905;Wait_For_Page_Update Execution_Time(ms):; 10; Page_URL:; http://10.66.131.170:1441/#!/login;
14:14:47.923;Find_Element Execution_Time(ms):; 14; Page_URL:; http://10.66.131.170:1441/#!/login;
14:14:47.972;Find_Element Execution_Time(ms):; 10; Page_URL:; http://10.66.131.170:1441/#!/login;
14:14:47.997;Find_Element Execution_Time(ms):; 1; Page_URL:; http://10.66.131.170:1441/#!/login;
14:14:48.043;Wait_For_Page_Update Execution_Time(ms):; 5; Page_URL:; http://10.66.131.170:1441/#!/login;
14:14:48.047;Send_Keys Execution_Time(ms):; 152; Page_URL:; http://10.66.131.170:1441/#!/login;
14:14:48.055;Wait_For_Page_Update Execution_Time(ms):; 5; Page_URL:; http://10.66.131.170:1441/#!/login;
14:14:48.089;Find_Element Execution_Time(ms):; 12; Page_URL:; http://10.66.131.170:1441/#!/login;
14:14:48.129;Find_Element Execution_Time(ms):; 10; Page_URL:; http://10.66.131.170:1441/#!/login;
14:14:48.159;Wait_For_Element_To_Be_Clickable Execution_Time(ms):; 84; Page_URL:; http://10.66.131.170:1441/#!/login;
14:14:48.184;Find_Element Execution_Time(ms):; 1; Page_URL:; http://10.66.131.170:1441/#!/login;
14:14:48.235;Wait_For_Page_Update Execution_Time(ms):; 6; Page_URL:; http://10.66.131.170:1441/#!/login;
14:14:48.239;Click Execution_Time(ms):; 189; Page_URL:; http://10.66.131.170:1441/#!/login;
14:14:48.617;Wait_For_Page_Update Execution_Time(ms):; 14; Page_URL:; http://10.66.131.170:1441/#!/dashboard;
14:14:48.648;Find_Element Execution_Time(ms):; 18; Page_URL:; http://10.66.131.170:1441/#!/dashboard;
14:14:49.224;Find_Element Execution_Time(ms):; 30; Page_URL:; http://10.66.131.170:1441/#!/dashboard;
14:14:49.781;Find_Element Execution_Time(ms):; 30; Page_URL:; http://10.66.131.170:1441/#!/dashboard;
14:14:50.331;Find_Element Execution_Time(ms):; 30; Page_URL:; http://10.66.131.170:1441/#!/dashboard;
14:14:50.887;Find_Element Execution_Time(ms):; 30; Page_URL:; http://10.66.131.170:1441/#!/dashboard;
14:14:51.444;Find_Element Execution_Time(ms):; 38; Page_URL:; http://10.66.131.170:1441/#!/dashboard;
14:14:51.986;Find_Element Execution_Time(ms):; 30; Page_URL:; http://10.66.131.170:1441/#!/dashboard;
14:14:52.525;Find_Element Execution_Time(ms):; 30; Page_URL:; http://10.66.131.170:1441/#!/dashboard;
14:14:53.075;Find_Element Execution_Time(ms):; 30; Page_URL:; http://10.66.131.170:1441/#!/dashboard;
14:14:53.626;Find_Element Execution_Time(ms):; 30; Page_URL:; http://10.66.131.170:1441/#!/dashboard;
14:14:54.176;Find_Element Execution_Time(ms):; 30; Page_URL:; http://10.66.131.170:1441/#!/dashboard;
14:14:54.726;Find_Element Execution_Time(ms):; 30; Page_URL:; http://10.66.131.170:1441/#!/dashboard;
14:14:55.276;Find_Element Execution_Time(ms):; 30; Page_URL:; http://10.66.131.170:1441/#!/dashboard;
14:14:55.835;Find_Element Execution_Time(ms):; 30; Page_URL:; http://10.66.131.170:1441/#!/dashboard;
14:14:55.885;Find_Element Execution_Time(ms):; 30; Page_URL:; http://10.66.131.170:1441/#!/dashboard;
14:14:55.905;Wait_For_Element_To_Be_Clickable Execution_Time(ms):; 7268; Page_URL:; http://10.66.131.170:1441/#!/dashboard;
14:14:56.269;Click Execution_Time(ms):; 7652; Page_URL:; http://10.66.131.170:1441/#!/dashboard;
14:14:57.086;Find_Element Execution_Time(ms):; 20; Page_URL:; http://10.66.131.170:1441/#!/dashboard;
14:14:57.156;Find_Element Execution_Time(ms):; 20; Page_URL:; http://10.66.131.170:1441/#!/dashboard;
14:14:57.206;Find_Element Execution_Time(ms):; 20; Page_URL:; http://10.66.131.170:1441/#!/dashboard;
14:14:57.246;Find_Element Execution_Time(ms):; 20; Page_URL:; http://10.66.131.170:1441/#!/dashboard;
14:14:57.286;Find_Element Execution_Time(ms):; 20; Page_URL:; http://10.66.131.170:1441/#!/dashboard;
14:14:57.326;Find_Element Execution_Time(ms):; 20; Page_URL:; http://10.66.131.170:1441/#!/dashboard;
14:14:57.366;Find_Element Execution_Time(ms):; 20; Page_URL:; http://10.66.131.170:1441/#!/dashboard;
14:14:57.390;Find_Element Execution_Time(ms):; 11; Page_URL:; http://10.66.131.170:1441/#!/dashboard;
14:14:57.424;Find_Element Execution_Time(ms):; 6; Page_URL:; http://10.66.131.170:1441/#!/dashboard;
14:14:57.454;Wait_For_Page_Update Execution_Time(ms):; 20; Page_URL:; http://10.66.131.170:1441/#!/dashboard;
14:14:57.496;Wait_For_Element_To_Be_Clickable Execution_Time(ms):; 21; Page_URL:; http://10.66.131.170:1441/#!/dashboard;
14:14:57.548;Wait_For_Page_Update Execution_Time(ms):; 7; Page_URL:; http://10.66.131.170:1441/#!/dashboard;
14:14:57.553;Click Execution_Time(ms):; 124; Page_URL:; http://10.66.131.170:1441/#!/dashboard;
14:14:57.613;Find_Element Execution_Time(ms):; 30; Page_URL:; http://10.66.131.170:1441/#!/dashboard;
14:14:57.643;Wait_For_Page_Update Execution_Time(ms):; 20; Page_URL:; http://10.66.131.170:1441/#!/dashboard;
14:14:57.683;Wait_For_Element_To_Be_Clickable Execution_Time(ms):; 30; Page_URL:; http://10.66.131.170:1441/#!/dashboard;
14:14:57.722;Wait_For_Page_Update Execution_Time(ms):; 5; Page_URL:; http://10.66.131.170:1441/#!/dashboard;
14:14:57.727;Click Execution_Time(ms):; 109; Page_URL:; http://10.66.131.170:1441/#!/dashboard;
14:14:57.741;Find_Element Execution_Time(ms):; 8; Page_URL:; http://10.66.131.170:1441/#!/dashboard;
14:14:57.767;Find_Element Execution_Time(ms):; 8; Page_URL:; http://10.66.131.170:1441/#!/dashboard;
14:14:57.807;Find_Element Execution_Time(ms):; 10; Page_URL:; http://10.66.131.170:1441/#!/dashboard;
14:14:57.837;Find_Element Execution_Time(ms):; 10; Page_URL:; http://10.66.131.170:1441/#!/dashboard;
14:14:57.867;Find_Element Execution_Time(ms):; 10; Page_URL:; http://10.66.131.170:1441/#!/dashboard;
14:14:57.897;Find_Element Execution_Time(ms):; 10; Page_URL:; http://10.66.131.170:1441/#!/dashboard;
14:14:57.927;Find_Element Execution_Time(ms):; 10; Page_URL:; http://10.66.131.170:1441/#!/dashboard;
14:14:57.967;Find_Element Execution_Time(ms):; 20; Page_URL:; http://10.66.131.170:1441/#!/dashboard;
14:14:57.997;Wait_For_Page_Update Execution_Time(ms):; 20; Page_URL:; http://10.66.131.170:1441/#!/dashboard;
14:14:58.037;Wait_For_Element_To_Be_Clickable Execution_Time(ms):; 30; Page_URL:; http://10.66.131.170:1441/#!/dashboard;
14:14:58.090;Wait_For_Page_Update Execution_Time(ms):; 9; Page_URL:; http://10.66.131.170:1441/#!/dashboard;
14:14:58.094;Click Execution_Time(ms):; 123; Page_URL:; http://10.66.131.170:1441/#!/dashboard;
14:14:58.105;Find_Element Execution_Time(ms):; 7; Page_URL:; http://10.66.131.170:1441/#!/dashboard;
14:14:58.132;Find_Element Execution_Time(ms):; 1; Page_URL:; http://10.66.131.170:1441/#!/dashboard;
14:14:58.147;Find_Element Execution_Time(ms):; 6; Page_URL:; http://10.66.131.170:1441/#!/dashboard;
14:14:58.188;Find_Element Execution_Time(ms):; 21; Page_URL:; http://10.66.131.170:1441/#!/dashboard;
14:14:58.218;Find_Element Execution_Time(ms):; 10; Page_URL:; http://10.66.131.170:1441/#!/dashboard;
14:14:58.248;Find_Element Execution_Time(ms):; 10; Page_URL:; http://10.66.131.170:1441/#!/dashboard;
14:14:58.278;Find_Element Execution_Time(ms):; 10; Page_URL:; http://10.66.131.170:1441/#!/dashboard;
14:14:58.308;Find_Element Execution_Time(ms):; 10; Page_URL:; http://10.66.131.170:1441/#!/dashboard;
14:14:58.338;Find_Element Execution_Time(ms):; 10; Page_URL:; http://10.66.131.170:1441/#!/dashboard;
14:14:58.368;Wait_For_Page_Update Execution_Time(ms):; 20; Page_URL:; http://10.66.131.170:1441/#!/dashboard;
14:14:58.393;Wait_For_Element_To_Be_Clickable Execution_Time(ms):; 21; Page_URL:; http://10.66.131.170:1441/#!/dashboard;
14:14:58.448;Wait_For_Page_Update Execution_Time(ms):; 9; Page_URL:; http://10.66.131.170:1441/#!/dashboard;
14:14:58.454;Click Execution_Time(ms):; 111; Page_URL:; http://10.66.131.170:1441/#!/dashboard;
14:14:58.471;Find_Element Execution_Time(ms):; 14; Page_URL:; http://10.66.131.170:1441/#!/dashboard;
14:14:58.514;Wait_For_Page_Update Execution_Time(ms):; 33; Page_URL:; http://10.66.131.170:1441/#!/dashboard;
14:14:58.555;Wait_For_Element_To_Be_Clickable Execution_Time(ms):; 34; Page_URL:; http://10.66.131.170:1441/#!/dashboard;
14:14:58.619;Wait_For_Page_Update Execution_Time(ms):; 7; Page_URL:; http://10.66.131.170:1441/#!/dashboard;
14:14:58.623;Click Execution_Time(ms):; 148; Page_URL:; http://10.66.131.170:1441/#!/dashboard;
14:14:58.635;Find_Element Execution_Time(ms):; 8; Page_URL:; http://10.66.131.170:1441/#!/dashboard;
14:14:58.653;Find_Element Execution_Time(ms):; 6; Page_URL:; http://10.66.131.170:1441/#!/dashboard;
14:14:58.698;Find_Element Execution_Time(ms):; 10; Page_URL:; http://10.66.131.170:1441/#!/dashboard;
14:14:58.728;Find_Element Execution_Time(ms):; 10; Page_URL:; http://10.66.131.170:1441/#!/dashboard;
14:14:58.758;Find_Element Execution_Time(ms):; 10; Page_URL:; http://10.66.131.170:1441/#!/dashboard;
14:14:58.788;Find_Element Execution_Time(ms):; 10; Page_URL:; http://10.66.131.170:1441/#!/dashboard;
14:14:58.818;Find_Element Execution_Time(ms):; 10; Page_URL:; http://10.66.131.170:1441/#!/dashboard;
14:14:58.848;Find_Element Execution_Time(ms):; 10; Page_URL:; http://10.66.131.170:1441/#!/dashboard;
14:14:58.878;Wait_For_Page_Update Execution_Time(ms):; 20; Page_URL:; http://10.66.131.170:1441/#!/dashboard;
14:14:58.918;Wait_For_Element_To_Be_Clickable Execution_Time(ms):; 30; Page_URL:; http://10.66.131.170:1441/#!/dashboard;
14:14:58.958;Wait_For_Page_Update Execution_Time(ms):; 6; Page_URL:; http://10.66.131.170:1441/#!/dashboard;
14:14:58.962;Click Execution_Time(ms):; 110; Page_URL:; http://10.66.131.170:1441/#!/dashboard;
14:14:58.995;Find_Element Execution_Time(ms):; 13; Page_URL:; http://10.66.131.170:1441/#!/dashboard;
14:14:59.025;Wait_For_Page_Update Execution_Time(ms):; 20; Page_URL:; http://10.66.131.170:1441/#!/dashboard;
14:14:59.065;Wait_For_Element_To_Be_Clickable Execution_Time(ms):; 30; Page_URL:; http://10.66.131.170:1441/#!/dashboard;
14:14:59.107;Wait_For_Page_Update Execution_Time(ms):; 7; Page_URL:; http://10.66.131.170:1441/#!/dashboard;
14:14:59.111;Click Execution_Time(ms):; 112; Page_URL:; http://10.66.131.170:1441/#!/dashboard;
14:14:59.123;Find_Element Execution_Time(ms):; 8; Page_URL:; http://10.66.131.170:1441/#!/dashboard;
14:14:59.162;Find_Element Execution_Time(ms):; 10; Page_URL:; http://10.66.131.170:1441/#!/dashboard;
14:14:59.192;Find_Element Execution_Time(ms):; 10; Page_URL:; http://10.66.131.170:1441/#!/dashboard;
14:14:59.232;Find_Element Execution_Time(ms):; 20; Page_URL:; http://10.66.131.170:1441/#!/dashboard;
14:14:59.262;Find_Element Execution_Time(ms):; 10; Page_URL:; http://10.66.131.170:1441/#!/dashboard;
14:14:59.292;Find_Element Execution_Time(ms):; 10; Page_URL:; http://10.66.131.170:1441/#!/dashboard;
14:14:59.322;Find_Element Execution_Time(ms):; 10; Page_URL:; http://10.66.131.170:1441/#!/dashboard;
14:14:59.352;Find_Element Execution_Time(ms):; 10; Page_URL:; http://10.66.131.170:1441/#!/dashboard;
14:14:59.382;Wait_For_Page_Update Execution_Time(ms):; 20; Page_URL:; http://10.66.131.170:1441/#!/dashboard;
14:14:59.402;Wait_For_Element_To_Be_Clickable Execution_Time(ms):; 16; Page_URL:; http://10.66.131.170:1441/#!/dashboard;
14:14:59.452;Wait_For_Page_Update Execution_Time(ms):; 6; Page_URL:; http://10.66.131.170:1441/#!/dashboard;
14:14:59.456;Click Execution_Time(ms):; 100; Page_URL:; http://10.66.131.170:1441/#!/dashboard;
14:14:59.472;Find_Element Execution_Time(ms):; 13; Page_URL:; http://10.66.131.170:1441/#!/dashboard;
14:14:59.481;Wait_For_Page_Update Execution_Time(ms):; 6; Page_URL:; http://10.66.131.170:1441/#!/dashboard;
14:14:59.531;Wait_For_Element_To_Be_Clickable Execution_Time(ms):; 40; Page_URL:; http://10.66.131.170:1441/#!/dashboard;
14:14:59.573;Wait_For_Page_Update Execution_Time(ms):; 6; Page_URL:; http://10.66.131.170:1441/#!/dashboard;
14:14:59.577;Click Execution_Time(ms):; 101; Page_URL:; http://10.66.131.170:1441/#!/dashboard;
14:14:59.589;Find_Element Execution_Time(ms):; 8; Page_URL:; http://10.66.131.170:1441/#!/dashboard;
14:14:59.605;Find_Element Execution_Time(ms):; 7; Page_URL:; http://10.66.131.170:1441/#!/dashboard;
14:14:59.649;Find_Element Execution_Time(ms):; 10; Page_URL:; http://10.66.131.170:1441/#!/dashboard;
14:14:59.679;Find_Element Execution_Time(ms):; 10; Page_URL:; http://10.66.131.170:1441/#!/dashboard;
14:14:59.709;Find_Element Execution_Time(ms):; 10; Page_URL:; http://10.66.131.170:1441/#!/dashboard;
14:14:59.739;Find_Element Execution_Time(ms):; 10; Page_URL:; http://10.66.131.170:1441/#!/dashboard;
14:14:59.769;Find_Element Execution_Time(ms):; 10; Page_URL:; http://10.66.131.170:1441/#!/dashboard;
14:14:59.829;Wait_For_Page_Update Execution_Time(ms):; 20; Page_URL:; http://10.66.131.170:1441/#!/dashboard;
14:14:59.859;Find_Element Execution_Time(ms):; 20; Page_URL:; http://10.66.131.170:1441/#!/dashboard;
14:14:59.899;Find_Element Execution_Time(ms):; 10; Page_URL:; http://10.66.131.170:1441/#!/dashboard;
14:14:59.919;Wait_For_Element_To_Be_Clickable Execution_Time(ms):; 80; Page_URL:; http://10.66.131.170:1441/#!/dashboard;
14:14:59.939;Find_Element Execution_Time(ms):; 10; Page_URL:; http://10.66.131.170:1441/#!/dashboard;
14:14:59.979;Wait_For_Page_Update Execution_Time(ms):; 5; Page_URL:; http://10.66.131.170:1441/#!/dashboard;
14:14:59.984;Click Execution_Time(ms):; 190; Page_URL:; http://10.66.131.170:1441/#!/dashboard;
14:15:00.004;Find_Element Execution_Time(ms):; 12; Page_URL:; http://10.66.131.170:1441/#!/dashboard;
14:15:00.039;Wait_For_Page_Update Execution_Time(ms):; 15; Page_URL:; http://10.66.131.170:1441/#!/dashboard;
14:15:00.079;Wait_For_Element_To_Be_Clickable Execution_Time(ms):; 30; Page_URL:; http://10.66.131.170:1441/#!/dashboard;
14:15:00.118;Wait_For_Page_Update Execution_Time(ms):; 5; Page_URL:; http://10.66.131.170:1441/#!/dashboard;
14:15:00.121;Click Execution_Time(ms):; 114; Page_URL:; http://10.66.131.170:1441/#!/dashboard;
14:15:00.810;Open_Page Execution_Time(ms):; 686; Page_URL:; http://10.66.131.170:1441/;
14:15:00.840;Wait_For_Page_Update Execution_Time(ms):; 20; Page_URL:; http://10.66.131.170:1441/#!/login;
14:15:00.870;Find_Element Execution_Time(ms):; 20; Page_URL:; http://10.66.131.170:1441/#!/login;
14:15:00.910;Find_Element Execution_Time(ms):; 10; Page_URL:; http://10.66.131.170:1441/#!/login;
14:15:00.935;Find_Element Execution_Time(ms):; 1; Page_URL:; http://10.66.131.170:1441/#!/login;
14:15:00.988;Wait_For_Page_Update Execution_Time(ms):; 6; Page_URL:; http://10.66.131.170:1441/#!/login;
14:15:00.991;Send_Keys Execution_Time(ms):; 178; Page_URL:; http://10.66.131.170:1441/#!/login;
14:15:00.998;Wait_For_Page_Update Execution_Time(ms):; 5; Page_URL:; http://10.66.131.170:1441/#!/login;
14:15:01.030;Find_Element Execution_Time(ms):; 11; Page_URL:; http://10.66.131.170:1441/#!/login;
14:15:01.070;Find_Element Execution_Time(ms):; 10; Page_URL:; http://10.66.131.170:1441/#!/login;
14:15:01.095;Find_Element Execution_Time(ms):; 1; Page_URL:; http://10.66.131.170:1441/#!/login;
14:15:01.142;Wait_For_Page_Update Execution_Time(ms):; 6; Page_URL:; http://10.66.131.170:1441/#!/login;
14:15:01.147;Send_Keys Execution_Time(ms):; 151; Page_URL:; http://10.66.131.170:1441/#!/login;
14:15:01.156;Wait_For_Page_Update Execution_Time(ms):; 5; Page_URL:; http://10.66.131.170:1441/#!/login;
14:15:01.171;Find_Element Execution_Time(ms):; 11; Page_URL:; http://10.66.131.170:1441/#!/login;
14:15:01.193;Find_Element Execution_Time(ms):; 6; Page_URL:; http://10.66.131.170:1441/#!/login;
14:15:01.224;Wait_For_Element_To_Be_Clickable Execution_Time(ms):; 58; Page_URL:; http://10.66.131.170:1441/#!/login;
14:15:01.245;Find_Element Execution_Time(ms):; 1; Page_URL:; http://10.66.131.170:1441/#!/login;
14:15:01.292;Wait_For_Page_Update Execution_Time(ms):; 6; Page_URL:; http://10.66.131.170:1441/#!/login;
14:15:01.297;Click Execution_Time(ms):; 144; Page_URL:; http://10.66.131.170:1441/#!/login;
14:15:01.634;Wait_For_Page_Update Execution_Time(ms):; 8; Page_URL:; http://10.66.131.170:1441/#!/dashboard;
14:15:01.668;Find_Element Execution_Time(ms):; 13; Page_URL:; http://10.66.131.170:1441/#!/dashboard;
14:15:02.188;Find_Element Execution_Time(ms):; 10; Page_URL:; http://10.66.131.170:1441/#!/dashboard;
14:15:02.713;Find_Element Execution_Time(ms):; 10; Page_URL:; http://10.66.131.170:1441/#!/dashboard;
14:15:03.263;Find_Element Execution_Time(ms):; 30; Page_URL:; http://10.66.131.170:1441/#!/dashboard;
14:15:03.809;Find_Element Execution_Time(ms):; 30; Page_URL:; http://10.66.131.170:1441/#!/dashboard;
14:15:04.329;Find_Element Execution_Time(ms):; 10; Page_URL:; http://10.66.131.170:1441/#!/dashboard;
14:15:04.886;Find_Element Execution_Time(ms):; 30; Page_URL:; http://10.66.131.170:1441/#!/dashboard;
14:15:05.424;Find_Element Execution_Time(ms):; 13; Page_URL:; http://10.66.131.170:1441/#!/dashboard;
14:15:05.979;Find_Element Execution_Time(ms):; 30; Page_URL:; http://10.66.131.170:1441/#!/dashboard;
14:15:06.532;Find_Element Execution_Time(ms):; 36; Page_URL:; http://10.66.131.170:1441/#!/dashboard;
14:15:07.043;Find_Element Execution_Time(ms):; 10; Page_URL:; http://10.66.131.170:1441/#!/dashboard;
14:15:07.597;Find_Element Execution_Time(ms):; 30; Page_URL:; http://10.66.131.170:1441/#!/dashboard;
14:15:08.132;Find_Element Execution_Time(ms):; 15; Page_URL:; http://10.66.131.170:1441/#!/dashboard;
14:15:08.675;Find_Element Execution_Time(ms):; 21; Page_URL:; http://10.66.131.170:1441/#!/dashboard;
14:15:08.725;Find_Element Execution_Time(ms):; 30; Page_URL:; http://10.66.131.170:1441/#!/dashboard;
14:15:08.735;Wait_For_Element_To_Be_Clickable Execution_Time(ms):; 7091; Page_URL:; http://10.66.131.170:1441/#!/dashboard;
14:15:09.142;Click Execution_Time(ms):; 7512; Page_URL:; http://10.66.131.170:1441/#!/dashboard;
14:15:09.932;Find_Element Execution_Time(ms):; 20; Page_URL:; http://10.66.131.170:1441/#!/dashboard;
14:15:09.972;Find_Element Execution_Time(ms):; 10; Page_URL:; http://10.66.131.170:1441/#!/dashboard;
14:15:10.002;Wait_For_Page_Update Execution_Time(ms):; 20; Page_URL:; http://10.66.131.170:1441/#!/dashboard;
14:15:10.072;Wait_For_Element_To_Be_Clickable Execution_Time(ms):; 60; Page_URL:; http://10.66.131.170:1441/#!/dashboard;
14:15:10.124;Wait_For_Page_Update Execution_Time(ms):; 7; Page_URL:; http://10.66.131.170:1441/#!/dashboard;
14:15:10.129;Click Execution_Time(ms):; 152; Page_URL:; http://10.66.131.170:1441/#!/dashboard;
14:15:10.166;Find_Element Execution_Time(ms):; 27; Page_URL:; http://10.66.131.170:1441/#!/dashboard;
14:15:10.196;Wait_For_Page_Update Execution_Time(ms):; 20; Page_URL:; http://10.66.131.170:1441/#!/dashboard;
14:15:10.236;Wait_For_Element_To_Be_Clickable Execution_Time(ms):; 30; Page_URL:; http://10.66.131.170:1441/#!/dashboard;
14:15:10.277;Wait_For_Page_Update Execution_Time(ms):; 6; Page_URL:; http://10.66.131.170:1441/#!/dashboard;
14:15:10.280;Click Execution_Time(ms):; 111; Page_URL:; http://10.66.131.170:1441/#!/dashboard;
14:15:10.296;Find_Element Execution_Time(ms):; 13; Page_URL:; http://10.66.131.170:1441/#!/dashboard;
14:15:10.303;Wait_For_Page_Update Execution_Time(ms):; 4; Page_URL:; http://10.66.131.170:1441/#!/dashboard;
14:15:10.350;Wait_For_Element_To_Be_Clickable Execution_Time(ms):; 37; Page_URL:; http://10.66.131.170:1441/#!/dashboard;
14:15:10.402;Wait_For_Page_Update Execution_Time(ms):; 7; Page_URL:; http://10.66.131.170:1441/#!/dashboard;
14:15:10.406;Click Execution_Time(ms):; 106; Page_URL:; http://10.66.131.170:1441/#!/dashboard;
14:15:10.416;Find_Element Execution_Time(ms):; 7; Page_URL:; http://10.66.131.170:1441/#!/dashboard;
14:15:10.446;Find_Element Execution_Time(ms):; 13; Page_URL:; http://10.66.131.170:1441/#!/dashboard;
14:15:10.486;Wait_For_Page_Update Execution_Time(ms):; 20; Page_URL:; http://10.66.131.170:1441/#!/dashboard;
14:15:10.547;Wait_For_Element_To_Be_Clickable Execution_Time(ms):; 51; Page_URL:; http://10.66.131.170:1441/#!/dashboard;
14:15:10.586;Wait_For_Page_Update Execution_Time(ms):; 5; Page_URL:; http://10.66.131.170:1441/#!/dashboard;
14:15:10.590;Click Execution_Time(ms):; 130; Page_URL:; http://10.66.131.170:1441/#!/dashboard;
14:15:10.607;Find_Element Execution_Time(ms):; 12; Page_URL:; http://10.66.131.170:1441/#!/dashboard;
14:15:10.613;Wait_For_Page_Update Execution_Time(ms):; 4; Page_URL:; http://10.66.131.170:1441/#!/dashboard;
14:15:10.660;Wait_For_Element_To_Be_Clickable Execution_Time(ms):; 37; Page_URL:; http://10.66.131.170:1441/#!/dashboard;
14:15:10.699;Wait_For_Page_Update Execution_Time(ms):; 6; Page_URL:; http://10.66.131.170:1441/#!/dashboard;
14:15:10.702;Click Execution_Time(ms):; 93; Page_URL:; http://10.66.131.170:1441/#!/dashboard;
14:15:10.719;Find_Element Execution_Time(ms):; 13; Page_URL:; http://10.66.131.170:1441/#!/dashboard;
14:15:10.726;Wait_For_Page_Update Execution_Time(ms):; 5; Page_URL:; http://10.66.131.170:1441/#!/dashboard;
14:15:10.767;Wait_For_Element_To_Be_Clickable Execution_Time(ms):; 31; Page_URL:; http://10.66.131.170:1441/#!/dashboard;
14:15:10.806;Wait_For_Page_Update Execution_Time(ms):; 4; Page_URL:; http://10.66.131.170:1441/#!/dashboard;
14:15:10.810;Click Execution_Time(ms):; 87; Page_URL:; http://10.66.131.170:1441/#!/dashboard;
14:15:10.827;Find_Element Execution_Time(ms):; 13; Page_URL:; http://10.66.131.170:1441/#!/dashboard;
14:15:10.833;Wait_For_Page_Update Execution_Time(ms):; 4; Page_URL:; http://10.66.131.170:1441/#!/dashboard;
14:15:10.883;Wait_For_Element_To_Be_Clickable Execution_Time(ms):; 39; Page_URL:; http://10.66.131.170:1441/#!/dashboard;
14:15:10.924;Wait_For_Page_Update Execution_Time(ms):; 5; Page_URL:; http://10.66.131.170:1441/#!/dashboard;
14:15:10.927;Click Execution_Time(ms):; 97; Page_URL:; http://10.66.131.170:1441/#!/dashboard;
14:15:10.943;Find_Element Execution_Time(ms):; 12; Page_URL:; http://10.66.131.170:1441/#!/dashboard;
14:15:10.949;Wait_For_Page_Update Execution_Time(ms):; 4; Page_URL:; http://10.66.131.170:1441/#!/dashboard;
14:15:10.990;Wait_For_Element_To_Be_Clickable Execution_Time(ms):; 20; Page_URL:; http://10.66.131.170:1441/#!/dashboard;
14:15:11.030;Wait_For_Page_Update Execution_Time(ms):; 6; Page_URL:; http://10.66.131.170:1441/#!/dashboard;
14:15:11.034;Click Execution_Time(ms):; 87; Page_URL:; http://10.66.131.170:1441/#!/dashboard;
14:15:11.048;Find_Element Execution_Time(ms):; 11; Page_URL:; http://10.66.131.170:1441/#!/dashboard;
14:15:11.074;Wait_For_Page_Update Execution_Time(ms):; 4; Page_URL:; http://10.66.131.170:1441/#!/dashboard;
14:15:11.114;Wait_For_Element_To_Be_Clickable Execution_Time(ms):; 30; Page_URL:; http://10.66.131.170:1441/#!/dashboard;
14:15:11.154;Wait_For_Page_Update Execution_Time(ms):; 5; Page_URL:; http://10.66.131.170:1441/#!/dashboard;
14:15:11.157;Click Execution_Time(ms):; 105; Page_URL:; http://10.66.131.170:1441/#!/dashboard;
14:15:11.167;Wait_For_Page_Update Execution_Time(ms):; 6; Page_URL:; http://10.66.131.170:1441/#!/dashboard;
14:15:11.183;Find_Element Execution_Time(ms):; 13; Page_URL:; http://10.66.131.170:1441/#!/dashboard;
14:15:11.227;Find_Element Execution_Time(ms):; 10; Page_URL:; http://10.66.131.170:1441/#!/dashboard;
14:15:11.251;Find_Element Execution_Time(ms):; 1; Page_URL:; http://10.66.131.170:1441/#!/dashboard;
14:15:11.315;Wait_For_Page_Update Execution_Time(ms):; 5; Page_URL:; http://10.66.131.170:1441/#!/dashboard;
14:15:11.317;Send_Keys Execution_Time(ms):; 157; Page_URL:; http://10.66.131.170:1441/#!/dashboard;
14:15:11.327;Wait_For_Page_Update Execution_Time(ms):; 5; Page_URL:; http://10.66.131.170:1441/#!/dashboard;
14:15:11.343;Find_Element Execution_Time(ms):; 13; Page_URL:; http://10.66.131.170:1441/#!/dashboard;
14:15:11.367;Find_Element Execution_Time(ms):; 7; Page_URL:; http://10.66.131.170:1441/#!/dashboard;
14:15:11.395;Find_Element Execution_Time(ms):; 7; Page_URL:; http://10.66.131.170:1441/#!/dashboard;
14:15:11.491;Wait_For_Page_Update Execution_Time(ms):; 5; Page_URL:; http://10.66.131.170:1441/#!/dashboard;
14:15:11.494;Send_Keys Execution_Time(ms):; 173; Page_URL:; http://10.66.131.170:1441/#!/dashboard;
14:15:11.502;Wait_For_Page_Update Execution_Time(ms):; 5; Page_URL:; http://10.66.131.170:1441/#!/dashboard;
14:15:11.518;Find_Element Execution_Time(ms):; 12; Page_URL:; http://10.66.131.170:1441/#!/dashboard;
14:15:11.543;Find_Element Execution_Time(ms):; 8; Page_URL:; http://10.66.131.170:1441/#!/dashboard;
14:15:11.562;Wait_For_Element_To_Be_Clickable Execution_Time(ms):; 56; Page_URL:; http://10.66.131.170:1441/#!/dashboard;
14:15:11.572;Find_Element Execution_Time(ms):; 6; Page_URL:; http://10.66.131.170:1441/#!/dashboard;
14:15:11.630;Wait_For_Page_Update Execution_Time(ms):; 7; Page_URL:; http://10.66.131.170:1441/#!/dashboard;
14:15:11.634;Click Execution_Time(ms):; 136; Page_URL:; http://10.66.131.170:1441/#!/dashboard;
14:15:12.084;Find_Element Execution_Time(ms):; 20; Page_URL:; http://10.66.131.170:1441/#!/project/cd94f6f6-4e44-4e9d-afb0-da6f613f6c60/questionnaire;
14:15:12.144;Wait_For_Page_Update Execution_Time(ms):; 20; Page_URL:; http://10.66.131.170:1441/#!/project/cd94f6f6-4e44-4e9d-afb0-da6f613f6c60/questionnaire;
14:15:12.174;Find_Element Execution_Time(ms):; 20; Page_URL:; http://10.66.131.170:1441/#!/project/cd94f6f6-4e44-4e9d-afb0-da6f613f6c60/questionnaire;
14:15:12.214;Find_Element Execution_Time(ms):; 10; Page_URL:; http://10.66.131.170:1441/#!/project/cd94f6f6-4e44-4e9d-afb0-da6f613f6c60/questionnaire;
14:15:12.234;Wait_For_Element_To_Be_Clickable Execution_Time(ms):; 80; Page_URL:; http://10.66.131.170:1441/#!/project/cd94f6f6-4e44-4e9d-afb0-da6f613f6c60/questionnaire;
14:15:12.254;Find_Element Execution_Time(ms):; 10; Page_URL:; http://10.66.131.170:1441/#!/project/cd94f6f6-4e44-4e9d-afb0-da6f613f6c60/questionnaire;
14:15:12.301;Wait_For_Page_Update Execution_Time(ms):; 2; Page_URL:; http://10.66.131.170:1441/#!/project/cd94f6f6-4e44-4e9d-afb0-da6f613f6c60/questionnaire;
14:15:12.306;Click Execution_Time(ms):; 187; Page_URL:; http://10.66.131.170:1441/#!/project/cd94f6f6-4e44-4e9d-afb0-da6f613f6c60/questionnaire;
14:15:12.358;Find_Elements Execution_Time(ms):; 15; Page_URL:; http://10.66.131.170:1441/#!/project/cd94f6f6-4e44-4e9d-afb0-da6f613f6c60/questionnaire;
14:15:12.381;Wait_For_Page_Update Execution_Time(ms):; 20; Page_URL:; http://10.66.131.170:1441/#!/project/cd94f6f6-4e44-4e9d-afb0-da6f613f6c60/questionnaire;
14:15:12.403;Find_Element Execution_Time(ms):; 17; Page_URL:; http://10.66.131.170:1441/#!/project/cd94f6f6-4e44-4e9d-afb0-da6f613f6c60/questionnaire;
14:15:12.430;Find_Element Execution_Time(ms):; 9; Page_URL:; http://10.66.131.170:1441/#!/project/cd94f6f6-4e44-4e9d-afb0-da6f613f6c60/questionnaire;
14:15:12.451;Wait_For_Page_Update Execution_Time(ms):; 5; Page_URL:; http://10.66.131.170:1441/#!/project/cd94f6f6-4e44-4e9d-afb0-da6f613f6c60/questionnaire;
14:15:12.454;get_Text Execution_Time(ms):; 94; Page_URL:; http://10.66.131.170:1441/#!/project/cd94f6f6-4e44-4e9d-afb0-da6f613f6c60/questionnaire;
14:15:12.462;Wait_For_Page_Update Execution_Time(ms):; 5; Page_URL:; http://10.66.131.170:1441/#!/project/cd94f6f6-4e44-4e9d-afb0-da6f613f6c60/questionnaire;
14:15:12.477;Find_Element Execution_Time(ms):; 10; Page_URL:; http://10.66.131.170:1441/#!/project/cd94f6f6-4e44-4e9d-afb0-da6f613f6c60/questionnaire;
14:15:12.498;Find_Element Execution_Time(ms):; 7; Page_URL:; http://10.66.131.170:1441/#!/project/cd94f6f6-4e44-4e9d-afb0-da6f613f6c60/questionnaire;
14:15:12.520;Wait_For_Page_Update Execution_Time(ms):; 5; Page_URL:; http://10.66.131.170:1441/#!/project/cd94f6f6-4e44-4e9d-afb0-da6f613f6c60/questionnaire;
14:15:12.525;get_Text Execution_Time(ms):; 65; Page_URL:; http://10.66.131.170:1441/#!/project/cd94f6f6-4e44-4e9d-afb0-da6f613f6c60/questionnaire;
14:15:12.534;Wait_For_Page_Update Execution_Time(ms):; 5; Page_URL:; http://10.66.131.170:1441/#!/project/cd94f6f6-4e44-4e9d-afb0-da6f613f6c60/questionnaire;
14:15:12.549;Find_Element Execution_Time(ms):; 12; Page_URL:; http://10.66.131.170:1441/#!/project/cd94f6f6-4e44-4e9d-afb0-da6f613f6c60/questionnaire;
14:15:12.570;Find_Element Execution_Time(ms):; 6; Page_URL:; http://10.66.131.170:1441/#!/project/cd94f6f6-4e44-4e9d-afb0-da6f613f6c60/questionnaire;
14:15:12.582;Wait_For_Element_To_Be_Clickable Execution_Time(ms):; 44; Page_URL:; http://10.66.131.170:1441/#!/project/cd94f6f6-4e44-4e9d-afb0-da6f613f6c60/questionnaire;
14:15:12.593;Find_Element Execution_Time(ms):; 6; Page_URL:; http://10.66.131.170:1441/#!/project/cd94f6f6-4e44-4e9d-afb0-da6f613f6c60/questionnaire;
14:15:12.636;Wait_For_Page_Update Execution_Time(ms):; 5; Page_URL:; http://10.66.131.170:1441/#!/project/cd94f6f6-4e44-4e9d-afb0-da6f613f6c60/questionnaire;
14:15:12.641;Click Execution_Time(ms):; 110; Page_URL:; http://10.66.131.170:1441/#!/project/cd94f6f6-4e44-4e9d-afb0-da6f613f6c60/questionnaire;
14:15:13.089;Wait_For_Page_Update Execution_Time(ms):; 20; Page_URL:; http://10.66.131.170:1441/#!/project/cd94f6f6-4e44-4e9d-afb0-da6f613f6c60/questionnaire;
14:15:13.129;Find_Element Execution_Time(ms):; 30; Page_URL:; http://10.66.131.170:1441/#!/project/cd94f6f6-4e44-4e9d-afb0-da6f613f6c60/questionnaire;
14:15:13.169;Find_Element Execution_Time(ms):; 10; Page_URL:; http://10.66.131.170:1441/#!/project/cd94f6f6-4e44-4e9d-afb0-da6f613f6c60/questionnaire;
14:15:13.189;Wait_For_Element_To_Be_Clickable Execution_Time(ms):; 90; Page_URL:; http://10.66.131.170:1441/#!/project/cd94f6f6-4e44-4e9d-afb0-da6f613f6c60/questionnaire;
14:15:13.209;Find_Element Execution_Time(ms):; 10; Page_URL:; http://10.66.131.170:1441/#!/project/cd94f6f6-4e44-4e9d-afb0-da6f613f6c60/questionnaire;
14:15:13.265;Wait_For_Page_Update Execution_Time(ms):; 7; Page_URL:; http://10.66.131.170:1441/#!/dashboard;
14:15:13.271;Click Execution_Time(ms):; 207; Page_URL:; http://10.66.131.170:1441/#!/dashboard;
14:15:13.793;Find_Element Execution_Time(ms):; 20; Page_URL:; http://10.66.131.170:1441/#!/dashboard;
14:15:13.823;Find_Element Execution_Time(ms):; 10; Page_URL:; http://10.66.131.170:1441/#!/dashboard;
14:15:13.834;Find_Element Execution_Time(ms):; 10; Page_URL:; http://10.66.131.170:1441/#!/dashboard;
14:15:13.864;Find_Element Execution_Time(ms):; 20; Page_URL:; http://10.66.131.170:1441/#!/dashboard;
14:15:13.884;Find_Element Execution_Time(ms):; 10; Page_URL:; http://10.66.131.170:1441/#!/dashboard;
14:15:30.537;Find_Elements Execution_Time(ms):; 40; Page_URL:; http://10.66.131.170:1441/#!/dashboard;
14:15:51.441;Find_Elements Execution_Time(ms):; 16; Page_URL:; http://10.66.131.170:1441/#!/dashboard;
14:15:56.882;Find_Elements Execution_Time(ms):; 40; Page_URL:; http://10.66.131.170:1441/#!/dashboard;
14:15:57.162;Find_Elements Execution_Time(ms):; 10; Page_URL:; http://10.66.131.170:1441/#!/dashboard;
14:15:57.393;Find_Element Execution_Time(ms):; 20; Page_URL:; http://10.66.131.170:1441/#!/dashboard;
14:15:57.434;Find_Element Execution_Time(ms):; 31; Page_URL:; http://10.66.131.170:1441/#!/dashboard;
14:15:57.464;Find_Element Execution_Time(ms):; 20; Page_URL:; http://10.66.131.170:1441/#!/dashboard;
14:15:57.497;Find_Element Execution_Time(ms):; 11; Page_URL:; http://10.66.131.170:1441/#!/dashboard;
14:15:57.527;Find_Element Execution_Time(ms):; 20; Page_URL:; http://10.66.131.170:1441/#!/dashboard;
14:16:06.505;Find_Element Execution_Time(ms):; 29; Page_URL:; http://10.66.131.170:1441/#!/dashboard;
14:16:06.531;Wait_For_Page_Update Execution_Time(ms):; 6; Page_URL:; http://10.66.131.170:1441/#!/dashboard;
14:16:06.571;Wait_For_Element_To_Be_Clickable Execution_Time(ms):; 30; Page_URL:; http://10.66.131.170:1441/#!/dashboard;
14:16:06.622;Wait_For_Page_Update Execution_Time(ms):; 6; Page_URL:; http://10.66.131.170:1441/#!/dashboard;
14:16:06.626;Click Execution_Time(ms):; 117; Page_URL:; http://10.66.131.170:1441/#!/dashboard;
14:16:06.641;Find_Elements Execution_Time(ms):; 9; Page_URL:; http://10.66.131.170:1441/#!/dashboard;
14:16:06.808;Find_Element Execution_Time(ms):; 20; Page_URL:; http://10.66.131.170:1441/#!/dashboard;
14:16:06.838;Wait_For_Page_Update Execution_Time(ms):; 20; Page_URL:; http://10.66.131.170:1441/#!/dashboard;
14:16:06.908;Wait_For_Element_To_Be_Clickable Execution_Time(ms):; 60; Page_URL:; http://10.66.131.170:1441/#!/dashboard;
14:16:06.956;Wait_For_Page_Update Execution_Time(ms):; 5; Page_URL:; http://10.66.131.170:1441/#!/dashboard;
14:16:06.961;Click Execution_Time(ms):; 149; Page_URL:; http://10.66.131.170:1441/#!/dashboard;
14:16:06.969;Find_Elements Execution_Time(ms):; 6; Page_URL:; http://10.66.131.170:1441/#!/dashboard;
14:16:07.152;Wait_For_Page_Update Execution_Time(ms):; 20; Page_URL:; http://10.66.131.170:1441/#!/dashboard;
14:16:07.182;Find_Element Execution_Time(ms):; 20; Page_URL:; http://10.66.131.170:1441/#!/dashboard;
14:16:07.233;Find_Element Execution_Time(ms):; 10; Page_URL:; http://10.66.131.170:1441/#!/dashboard;
14:16:07.265;Wait_For_Element_To_Be_Clickable Execution_Time(ms):; 103; Page_URL:; http://10.66.131.170:1441/#!/dashboard;
14:16:07.285;Find_Element Execution_Time(ms):; 10; Page_URL:; http://10.66.131.170:1441/#!/dashboard;
14:16:07.332;Wait_For_Page_Update Execution_Time(ms):; 3; Page_URL:; http://10.66.131.170:1441/#!/dashboard;
14:16:07.335;Click Execution_Time(ms):; 210; Page_URL:; http://10.66.131.170:1441/#!/dashboard;
14:16:07.349;Find_Element Execution_Time(ms):; 11; Page_URL:; http://10.66.131.170:1441/#!/dashboard;
14:16:07.355;Wait_For_Page_Update Execution_Time(ms):; 4; Page_URL:; http://10.66.131.170:1441/#!/dashboard;
14:16:07.390;Wait_For_Element_To_Be_Clickable Execution_Time(ms):; 33; Page_URL:; http://10.66.131.170:1441/#!/dashboard;
14:16:07.443;Wait_For_Page_Update Execution_Time(ms):; 5; Page_URL:; http://10.66.131.170:1441/#!/dashboard;
14:16:07.445;Click Execution_Time(ms):; 94; Page_URL:; http://10.66.131.170:1441/#!/dashboard;
14:16:08.514;Driver_Quit Execution_Time(ms):; 1066; Page_URL:; ;
